,UTC Valid Date
0,5/29/2008
1,5/30/2008
2,6/3/2008
3,6/4/2008
4,6/5/2008
5,6/7/2008
6,6/8/2008
7,6/24/2008
8,6/25/2008
9,6/26/2008
10,7/6/2008
11,7/7/2008
12,7/8/2008
13,7/11/2008
14,7/15/2008
15,7/16/2008
16,7/17/2008
17,7/18/2008
18,7/19/2008
19,7/20/2008
20,7/28/2008
21,7/29/2008
22,7/30/2008
23,7/31/2008
24,8/1/2008
25,8/2/2008
26,8/3/2008
27,8/4/2008
28,8/5/2008
29,5/13/2009
30,6/1/2009
31,6/6/2009
32,6/7/2009
33,6/8/2009
34,6/9/2009
35,6/16/2009
36,6/17/2009
37,6/18/2009
38,6/19/2009
39,7/9/2009
40,7/10/2009
41,7/12/2009
42,7/13/2009
43,7/25/2009
44,8/4/2009
45,8/5/2009
46,8/6/2009
47,8/7/2009
48,5/12/2010
49,5/13/2010
50,5/23/2010
51,6/2/2010
52,6/4/2010
53,6/5/2010
54,6/6/2010
55,6/8/2010
56,6/10/2010
57,6/11/2010
58,6/15/2010
59,6/17/2010
60,6/18/2010
61,6/19/2010
62,6/20/2010
63,6/21/2010
64,6/22/2010
65,6/23/2010
66,6/24/2010
67,6/25/2010
68,6/26/2010
69,7/14/2010
70,7/15/2010
71,7/17/2010
72,7/18/2010
73,7/22/2010
74,7/31/2010
75,8/1/2010
76,8/3/2010
77,8/5/2010
78,8/7/2010
79,8/8/2010
80,8/9/2010
81,8/13/2010
82,8/14/2010
83,8/18/2010
84,9/22/2010
85,9/23/2010
86,3/20/2011
87,4/9/2011
88,5/7/2011
89,5/11/2011
90,5/12/2011
91,5/27/2011
92,5/29/2011
93,5/31/2011
94,6/1/2011
95,6/2/2011
96,6/3/2011
97,6/4/2011
98,6/5/2011
99,6/6/2011
100,6/9/2011
101,6/10/2011
102,6/15/2011
103,6/16/2011
104,6/17/2011
105,6/18/2011
106,6/19/2011
107,6/20/2011
108,6/24/2011
109,6/27/2011
110,6/30/2011
111,7/1/2011
112,7/3/2011
113,7/10/2011
114,7/12/2011
115,7/16/2011
116,7/17/2011
117,7/18/2011
118,7/20/2011
119,7/21/2011
120,7/22/2011
121,7/23/2011
122,7/24/2011
123,7/25/2011
124,7/28/2011
125,7/29/2011
126,8/1/2011
127,8/2/2011
128,8/5/2011
129,8/22/2011
130,8/23/2011
131,9/3/2011
132,4/13/2012
133,5/2/2012
134,5/3/2012
135,5/5/2012
136,5/6/2012
137,5/26/2012
138,6/6/2012
139,6/7/2012
140,6/14/2012
141,6/15/2012
142,6/17/2012
143,6/18/2012
144,6/29/2012
145,6/30/2012
146,7/1/2012
147,7/3/2012
148,7/4/2012
149,7/5/2012
150,7/6/2012
151,7/25/2012
152,5/27/2013
153,6/6/2013
154,6/7/2013
155,6/8/2013
156,6/9/2013
157,6/11/2013
158,6/13/2013
159,6/17/2013
160,6/18/2013
161,6/19/2013
162,6/20/2013
163,6/21/2013
164,6/22/2013
165,6/23/2013
166,6/24/2013
167,7/5/2013
168,7/7/2013
169,7/8/2013
170,7/9/2013
171,8/7/2013
172,8/21/2013
173,8/22/2013
174,8/23/2013
175,8/24/2013
176,8/25/2013
177,8/26/2013
178,8/27/2013
179,8/28/2013
180,8/29/2013
181,8/30/2013
182,9/9/2013
183,5/20/2014
184,6/2/2014
185,6/3/2014
186,6/4/2014
187,6/6/2014
188,6/7/2014
189,6/11/2014
190,6/14/2014
191,6/15/2014
192,6/16/2014
193,6/17/2014
194,6/18/2014
195,7/5/2014
196,7/12/2014
197,7/21/2014
198,7/22/2014
199,8/21/2014
200,8/22/2014
201,9/2/2014
202,9/3/2014
203,9/5/2014
204,6/22/2015
205,7/10/2015
206,7/11/2015
207,7/12/2015
208,7/13/2015
209,7/14/2015
210,7/15/2015
211,7/16/2015
212,7/18/2015
213,7/19/2015
214,8/2/2015
215,8/6/2015
216,8/8/2015
217,6/9/2016
218,6/10/2016
219,6/21/2016
220,6/22/2016
221,7/6/2016
222,7/10/2016
223,7/11/2016
224,7/12/2016
225,7/14/2016
226,7/15/2016
227,7/16/2016
228,7/17/2016
229,7/18/2016
230,7/19/2016
231,7/20/2016
232,7/22/2016
233,7/23/2016
234,7/24/2016
235,7/31/2016
236,8/2/2016
237,8/5/2016
238,8/8/2016
239,9/21/2016
240,5/26/2017
241,5/27/2017
242,6/10/2017
243,6/11/2017
244,6/12/2017
245,6/21/2017
246,6/22/2017
247,7/7/2017
248,7/10/2017
249,7/11/2017
250,7/12/2017
251,7/18/2017
252,7/19/2017
253,7/20/2017
254,7/21/2017
255,8/20/2017
256,5/12/2018
257,5/13/2018
258,6/6/2018
259,6/7/2018
260,6/8/2018
261,6/11/2018
262,6/14/2018
263,6/15/2018
264,7/12/2018
265,8/4/2018
266,8/24/2018
267,8/25/2018
268,8/26/2018
269,8/28/2018
270,5/24/2019
271,5/25/2019
272,5/26/2019
273,5/27/2019
274,6/18/2019
275,6/19/2019
276,6/21/2019
277,6/22/2019
278,6/26/2019
279,6/27/2019
280,6/28/2019
281,6/29/2019
282,6/30/2019
283,7/1/2019
284,7/15/2019
285,7/16/2019
286,7/17/2019
287,7/18/2019
288,7/19/2019
289,7/20/2019
290,8/8/2019
291,8/9/2019
292,8/10/2019
293,8/11/2019
294,8/12/2019
295,8/19/2019
296,8/20/2019
297,9/3/2019
298,6/2/2020
299,6/3/2020
300,7/9/2020
301,7/11/2020
302,7/15/2020
303,7/16/2020
304,7/17/2020
305,7/18/2020
306,8/7/2020
307,8/8/2020
308,8/9/2020
309,8/25/2020
310,9/6/2020
311,9/7/2020
312,6/18/2021
313,7/23/2021
314,7/27/2021
315,7/28/2021
316,7/29/2021
317,8/11/2021
318,6/10/2022
319,6/11/2022
320,6/12/2022
321,6/14/2022
322,6/15/2022
323,6/17/2022
324,6/29/2022
325,7/3/2022
326,7/6/2022
327,7/14/2022
328,7/15/2022
329,7/17/2022
330,7/18/2022
331,7/19/2022
332,7/22/2022
333,7/24/2022
334,8/2/2022
335,8/3/2022
336,8/25/2022
337,5/7/2023
338,7/11/2023
339,7/12/2023
340,7/26/2023
341,7/27/2023
342,7/28/2023
343,8/19/2023
344,8/20/2023
345,8/21/2023
346,8/22/2023
347,8/23/2023
348,8/24/2023
